Fold,Mean_AUC,SD_AUC
1,0.6989704366908436,0.0920776360233184
2,0.7328170268793944,0.09911880647498823
3,0.6715803880225194,0.08855123874427942
4,0.6831480407176798,0.07037967431085698
5,0.7155928905828941,0.08481492021219485
6,0.6692353424727925,0.11139159999541352
7,0.6514513308225065,0.11611201626281284
8,0.6764787860250857,0.0741942122045439
9,0.6738273261512362,0.07826012164157793
10,0.6723502678231307,0.12047510057423091
