Fold,Mean_AUC,SD_AUC
1,0.7551919782084586,0.08657371334558185
2,0.7837715178982579,0.09456431085739378
3,0.7374755549388182,0.07417461757875939
4,0.7470525194268388,0.09830568779155385
5,0.7389587828329504,0.11145824807805157
6,0.7645934289617082,0.07709095694555204
7,0.7610015050943062,0.08625298160072543
8,0.7589920729581889,0.09019366131936844
9,0.7417743990204682,0.06847274482386455
10,0.7190020059317502,0.10009314314484709
