pooled_delta_AUC,SE_pooled,U_bar,B,T_var,z_pooled,p_normal,p_t,df_BR,lambda_fmi,m_valid
0.08848112411716534,0.030590783543020226,8.193453711641498e-4,1.1159855550294368e-4,9.357960377759172e-4,2.89241117321278,0.0038229726707609316,0.003899026460932331,1089.1124734344744,0.12444022191901205,23
