term,OR_full,OR_CI_full,p_full,OR_clean,OR_CI_clean,p_clean,separation_flag,m_converged,OR_change_pct,Sig_full,Sig_clean,Robustness
DBAS_Medications,0.6747177754824043,"0.67 [0.58, 0.78]",3.831117296328778e-7,0.5056747470341407,"0.51 [0.41, 0.62]",2.4063533486584665e-11,FALSE,42,-25.1,TRUE,TRUE,Robust (remains significant)
SURPS_Hopelessness,0.693832764139118,"0.69 [0.38, 1.27]",0.2361592313633906,0.49390812641778287,"0.49 [0.23, 1.07]",0.07281504173633843,FALSE,42,-28.8,FALSE,FALSE,Both non-significant
CISS_Emotion,0.9272584457466084,"0.93 [0.64, 1.35]",0.6929547672032921,0.8701489118956557,"0.87 [0.55, 1.37]",0.5486380801014852,FALSE,42,-6.2,FALSE,FALSE,Both non-significant
BFI_Neuroticism,0.9651556863236459,"0.97 [0.72, 1.29]",0.8085803685399475,0.8394896121526437,"0.84 [0.59, 1.20]",0.3356885002126549,FALSE,42,-13,FALSE,FALSE,Both non-significant
DBAS_Consequences,1.0711891542635277,"1.07 [0.93, 1.24]",0.35036644515003246,1.1757396086006928,"1.18 [0.98, 1.40]",0.07463070886834113,FALSE,42,9.8,FALSE,FALSE,Both non-significant
