Case_ID,CooksD_A_mean,CooksD_A_min,CooksD_A_max,CooksD_B_mean,CooksD_B_min,CooksD_B_max,Combined_mean
370,0.03234,0.02822,0.03523,0.01113,0.00676,0.01548,0.02174
284,0.02432,0.02166,0.02675,0.01326,0.00866,0.01668,0.01879
108,0.01099,0.00945,0.0134,0.02255,0.00395,0.05592,0.01677
334,0.0096,0.00276,0.02054,0.02343,0.00363,0.05779,0.01651
30,0.01315,0.00373,0.02423,0.01419,0.0094,0.02008,0.01367
317,0.01179,0.01079,0.01336,0.01466,0.01301,0.01731,0.01322
20,0.01379,0.01248,0.01559,0.01152,0.00918,0.01389,0.01266
245,0.01036,0.00891,0.01173,0.0141,0.01258,0.01604,0.01223
232,0.01302,0.01114,0.01479,0.00949,0.00846,0.01068,0.01125
