"variable","VIF"
"n_ment_conditions",1.58272822766658
"phq2_score",1.52904729121373
"n_physical_conditions",1.45453310927534
"med_quant",1.35530649242911
"alc_sleep",1.20227932637546
"alc_use",1.19161037722925
"n_sleep_conditions",1.18352810053148
"fall2",1.14972750233103
"education",1.07433059175414
"prov_terr",1.06440720279273
"sex",1.05085969267808
"can_sleep",1.0488130439015
"op_sleep",1.03316560186395
"melatonin_use",1.03143237024567
